t,breath,hr,eda
0.00,-0.0013,64.36,4.2042
0.10,0.0034,64.43,4.1927
0.20,0.0294,65.40,4.2037
0.30,0.0315,64.94,4.2035
0.40,0.0243,65.33,4.2073
0.50,0.0693,63.96,4.1870
0.60,0.0749,65.64,4.1969
0.70,0.1102,65.25,4.2049
0.80,0.1424,65.54,4.2040
0.90,0.1899,67.18,4.2054
1.00,0.1948,66.46,4.1951
1.10,0.2360,67.26,4.2061
1.20,0.2689,67.12,4.1935
1.30,0.3275,68.08,4.1948
1.40,0.3579,68.38,4.1894
1.50,0.4095,68.57,4.1853
1.60,0.4342,69.60,4.1950
1.70,0.4770,70.29,4.1899
1.80,0.5281,71.18,4.2093
1.90,0.5667,69.73,4.2028
2.00,0.6115,70.78,4.1970
2.10,0.6299,71.17,4.1942
2.20,0.7005,70.96,4.1858
2.30,0.7266,72.81,4.2137
2.40,0.7380,73.06,4.1821
2.50,0.7871,73.88,4.1934
2.60,0.8422,73.73,4.2037
2.70,0.8649,74.32,4.2153
2.80,0.8940,73.10,4.2070
2.90,0.9285,74.84,4.2103
3.00,0.9117,75.30,4.1977
3.10,0.9329,75.64,4.2014
3.20,0.9549,75.48,4.2159
3.30,0.9814,75.69,4.2057
3.40,0.9938,74.87,4.2123
3.50,0.9930,75.41,4.2116
3.60,0.9894,76.44,4.2109
3.70,0.9931,75.30,4.1924
3.80,0.9915,76.31,4.2011
3.90,0.9723,74.35,4.2137
4.00,0.9631,75.89,4.2087
4.10,0.9673,75.02,4.2065
4.20,0.9400,74.59,4.2085
4.30,0.9196,74.47,4.2085
4.40,0.9005,75.60,4.2086
4.50,0.8676,73.63,4.2007
4.60,0.8332,73.32,4.2116
4.70,0.8053,71.39,4.2190
4.80,0.7523,73.08,4.2064
4.90,0.7319,72.86,4.2011
5.00,0.6940,73.67,4.2004
5.10,0.6552,71.46,4.2002
5.20,0.6074,69.17,4.2043
5.30,0.5626,69.80,4.2129
5.40,0.5256,70.75,4.2126
5.50,0.5020,69.44,4.1914
5.60,0.4378,69.99,4.2101
5.70,0.3679,67.75,4.2139
5.80,0.3673,68.43,4.1934
5.90,0.3334,68.00,4.2042
6.00,0.2899,69.13,4.5087
6.10,0.2396,67.18,4.5263
6.20,0.2188,67.67,4.4990
6.30,0.1831,67.65,4.4998
6.40,0.1254,67.28,4.4828
6.50,0.1038,65.49,4.4835
6.60,0.1049,67.26,4.4946
6.70,0.0558,65.17,4.4856
6.80,0.0567,65.11,4.4954
6.90,0.0499,65.42,4.4876
7.00,-0.0055,65.32,4.4880
7.10,0.0014,65.56,4.4770
7.20,0.0205,65.99,4.4628
7.30,0.0179,65.03,4.4798
7.40,-0.0078,65.24,4.4735
7.50,0.0073,65.01,4.4740
7.60,-0.0136,63.98,4.4568
7.70,0.0354,64.96,4.4597
7.80,0.0405,65.60,4.4611
7.90,0.0749,66.46,4.4513
8.00,0.0983,65.49,4.4621
8.10,0.1154,65.46,4.4316
8.20,0.1086,65.64,4.4526
8.30,0.1619,66.80,4.4400
8.40,0.1872,68.42,4.4409
8.50,0.2293,68.24,4.4408
8.60,0.2628,67.54,4.4241
8.70,0.3162,67.92,4.4186
8.80,0.3549,68.76,4.4357
8.90,0.3930,68.37,4.4283
9.00,0.4060,70.29,4.4196
9.10,0.4600,69.55,4.4152
9.20,0.4906,69.72,4.4192
9.30,0.5555,71.23,4.3990
9.40,0.5852,71.96,4.4001
9.50,0.6307,71.28,4.3956
9.60,0.6776,72.87,4.4076
9.70,0.7220,72.97,4.4144
9.80,0.7664,73.46,4.4123
9.90,0.7610,74.44,4.4121
10.00,0.8160,75.24,4.3991
10.10,0.8298,75.92,4.4045
10.20,0.8685,75.85,4.4042
10.30,0.9043,75.44,4.4012
10.40,0.9180,75.26,4.3940
10.50,0.9590,75.13,4.3925
10.60,0.9538,76.06,4.3880
10.70,0.9808,74.99,4.3821
10.80,1.0218,76.13,4.3962
10.90,0.9654,76.09,4.3902
11.00,1.0199,75.73,4.3868
11.10,1.0056,76.49,4.3660
11.20,0.9993,76.64,4.3741
11.30,1.0097,75.16,4.3667
11.40,0.9806,75.21,4.3776
11.50,0.9511,76.05,4.3914
11.60,0.9309,76.32,4.3619
11.70,0.9363,75.46,4.3856
11.80,0.8902,73.11,4.3714
11.90,0.8651,74.68,4.3672
12.00,0.8361,74.31,4.3650
12.10,0.8176,73.78,4.3695
12.20,0.7752,73.29,4.3691
12.30,0.7333,72.85,4.3562
12.40,0.7042,72.43,4.3609
12.50,0.6686,71.11,4.3570
12.60,0.6312,71.84,4.3650
12.70,0.5827,70.40,4.3586
12.80,0.5205,69.96,4.3540
12.90,0.5100,68.30,4.3434
13.00,0.4466,69.40,4.3632
13.10,0.4008,69.57,4.3430
13.20,0.3820,69.78,4.3491
13.30,0.3442,68.71,4.3461
13.40,0.3164,68.57,4.3527
13.50,0.2459,67.94,4.3424
13.60,0.2193,67.44,4.3507
13.70,0.1998,68.43,4.3391
13.80,0.1719,66.35,4.3378
13.90,0.1588,66.57,4.3355
14.00,0.1127,64.84,4.3370
14.10,0.0792,66.18,4.3385
14.20,0.0655,65.75,4.3345
14.30,0.0448,64.99,4.3347
14.40,0.0209,64.04,4.3373
14.50,0.0051,63.63,4.3307
14.60,-0.0002,64.08,4.3134
14.70,0.0076,64.47,4.3328
14.80,-0.0026,65.78,4.3157
14.90,0.0093,63.90,4.3346
15.00,0.0073,65.13,4.3102
15.10,0.0306,64.65,4.3084
15.20,0.0402,63.55,4.3084
15.30,0.0365,64.02,4.3163
15.40,0.0694,65.66,4.3223
15.50,0.1003,66.27,4.3312
15.60,0.1018,64.99,4.3141
15.70,0.1331,66.05,4.3164
15.80,0.1828,65.51,4.3033
15.90,0.2098,66.52,4.3134
16.00,0.2446,67.61,4.3079
16.10,0.2866,67.05,4.3122
16.20,0.3189,67.25,4.2902
16.30,0.3612,68.51,4.2989
16.40,0.4034,68.64,4.2990
16.50,0.4393,69.69,4.3127
16.60,0.4846,69.62,4.3013
16.70,0.5262,70.38,4.3130
16.80,0.5602,70.37,4.2954
16.90,0.6013,71.00,4.2964
17.00,0.6448,71.88,4.3052
17.10,0.6852,71.72,4.3221
17.20,0.7415,73.14,4.3036
17.30,0.7363,72.93,4.2957
17.40,0.8067,73.36,4.3196
17.50,0.8474,74.15,4.3062
17.60,0.8683,74.17,4.2979
17.70,0.8769,73.40,4.3078
17.80,0.9177,74.22,4.3145
17.90,0.9369,74.63,4.3060
18.00,0.9459,75.22,4.2980
18.10,0.9798,76.21,4.2890
18.20,1.0036,75.30,4.2945
18.30,0.9874,74.71,4.3049
18.40,1.0061,74.78,4.2890
18.50,1.0086,75.27,4.3027
18.60,0.9903,75.22,4.2978
18.70,0.9971,75.99,4.3028
18.80,0.9786,75.10,4.3081
18.90,0.9824,74.93,4.2840
19.00,0.9367,75.74,4.3027
19.10,0.9246,73.44,4.2757
19.20,0.9317,74.29,4.2834
19.30,0.8894,73.30,4.2854
19.40,0.8662,73.71,4.2742
19.50,0.8398,73.26,4.2888
19.60,0.7930,72.73,4.2857
19.70,0.7884,72.60,4.2899
19.80,0.7277,71.62,4.2775
19.90,0.6913,72.22,4.2848
20.00,0.6631,70.93,4.2987
20.10,0.6162,69.67,4.3036
20.20,0.5686,70.63,4.2820
20.30,0.5381,70.31,4.2781
20.40,0.4920,68.27,4.2856
20.50,0.4390,68.40,4.2788
20.60,0.3956,68.21,4.2833
20.70,0.3750,68.43,4.2837
20.80,0.3336,66.78,4.2763
20.90,0.2885,66.97,4.2802
21.00,0.2505,66.31,4.2820
21.10,0.2239,66.14,4.2904
21.20,0.1846,67.24,4.2738
21.30,0.1554,65.33,4.2816
21.40,0.1227,64.25,4.2739
21.50,0.1140,63.97,4.2806
21.60,0.0824,65.25,4.2719
21.70,0.0575,64.56,4.2604
21.80,0.0539,63.80,4.2673
21.90,0.0057,64.59,4.2617
22.00,0.0317,64.41,4.2744
22.10,0.0311,63.68,4.2663
22.20,0.0069,63.40,4.2744
22.30,-0.0137,64.28,4.2719
22.40,-0.0121,63.76,4.2675
22.50,0.0159,64.15,4.2677
22.60,0.0163,65.29,4.2766
22.70,0.0296,63.93,4.2745
22.80,0.0517,65.70,4.2733
22.90,0.0661,64.99,4.2663
23.00,0.0756,64.63,4.2666
23.10,0.1238,64.00,4.2570
23.20,0.1482,65.30,4.2677
23.30,0.1892,65.60,4.2631
23.40,0.2174,65.91,4.2523
23.50,0.2465,66.65,4.2713
23.60,0.2873,67.38,4.2588
23.70,0.3419,69.24,4.2582
23.80,0.3538,68.14,4.2635
23.90,0.4143,66.99,4.2530
24.00,0.4505,69.34,4.2689
24.10,0.5164,69.54,4.2639
24.20,0.5377,70.98,4.2648
24.30,0.5532,67.86,4.2585
24.40,0.6189,71.36,4.2582
24.50,0.6753,70.98,4.2608
24.60,0.6827,71.14,4.2538
24.70,0.7343,72.04,4.2604
24.80,0.7609,72.74,4.2671
24.90,0.7957,72.66,4.2648
25.00,0.8160,73.45,4.2708
25.10,0.8485,73.69,4.2675
25.20,0.8689,73.98,4.2714
25.30,0.9233,73.91,4.2598
25.40,0.9161,74.28,4.2657
25.50,0.9503,74.52,4.2605
25.60,0.9778,74.61,4.2544
25.70,0.9566,75.24,4.2537
25.80,1.0076,74.78,4.2539
25.90,1.0165,75.44,4.2539
26.00,1.0201,75.81,4.2565
26.10,0.9904,74.88,4.2576
26.20,0.9958,76.56,4.2647
26.30,0.9785,75.14,4.2508
26.40,0.9626,75.07,4.2591
26.50,0.9573,73.42,4.2592
26.60,0.9520,73.82,4.2423
26.70,0.9154,74.67,4.2512
26.80,0.8994,74.19,4.2510
26.90,0.8909,73.77,4.2540
27.00,0.8577,72.29,4.2558
27.10,0.8413,71.45,4.2711
27.20,0.7774,73.14,4.2566
27.30,0.7504,71.34,4.2508
27.40,0.7064,70.90,4.2610
27.50,0.6543,69.88,4.2524
27.60,0.6238,71.11,4.2488
27.70,0.5779,70.07,4.2451
27.80,0.5446,69.90,4.2466
27.90,0.5127,70.62,4.2612
28.00,0.4528,67.23,4.2481
28.10,0.4437,68.49,4.2455
28.20,0.3865,68.38,4.2402
28.30,0.3401,67.82,4.2363
28.40,0.3160,67.75,4.2358
28.50,0.2668,67.08,4.2543
28.60,0.2442,66.99,4.2486
28.70,0.1897,65.43,4.2560
28.80,0.1616,65.96,4.2638
28.90,0.1315,64.77,4.2407
29.00,0.1088,65.32,4.2572
29.10,0.0886,65.70,4.2491
29.20,0.0563,65.14,4.2449
29.30,0.0434,63.91,4.2469
29.40,0.0244,64.39,4.2540
29.50,0.0011,64.13,4.2522
29.60,-0.0050,63.71,4.2549
29.70,-0.0022,64.77,4.2549
29.80,-0.0083,63.21,4.2519
29.90,0.0294,64.68,4.2443
30.00,-0.0011,65.44,4.2546
30.10,-0.0153,64.33,4.2445
30.20,0.0258,65.61,4.2425
30.30,0.0429,64.87,4.2345
30.40,0.0394,64.06,4.2567
30.50,0.0830,64.78,4.2575
30.60,0.0886,65.78,4.2337
30.70,0.1409,65.85,4.2406
30.80,0.1672,63.98,4.2522
30.90,0.1892,66.42,4.2541
31.00,0.2370,68.91,4.4926
31.10,0.2505,67.53,4.5065
31.20,0.3098,68.70,4.5026
31.30,0.3282,67.94,4.5053
31.40,0.3791,67.62,4.4947
31.50,0.4308,68.78,4.4997
31.60,0.4611,68.92,4.5023
31.70,0.4986,70.42,4.4959
31.80,0.5372,71.36,4.4719
31.90,0.5861,70.73,4.4861
32.00,0.6258,70.65,4.4798
32.10,0.6533,71.36,4.4757
32.20,0.6867,71.28,4.4829
32.30,0.7457,72.84,4.4670
32.40,0.7897,72.46,4.4742
32.50,0.8074,72.12,4.4711
32.60,0.8310,73.34,4.4687
32.70,0.8684,74.51,4.4707
32.80,0.9050,74.06,4.4670
32.90,0.9180,74.29,4.4577
33.00,0.9372,74.50,4.4436
33.10,0.9572,74.91,4.4472
33.20,0.9788,76.53,4.4512
33.30,0.9531,73.92,4.4485
33.40,1.0047,73.53,4.4691
33.50,0.9997,75.12,4.4497
33.60,1.0066,75.94,4.4253
33.70,1.0029,74.90,4.4412
33.80,1.0011,75.41,4.4349
33.90,0.9791,75.13,4.4186
34.00,0.9760,74.40,4.4404
34.10,0.9584,74.94,4.4371
34.20,0.9559,74.00,4.4460
34.30,0.8970,75.46,4.4348
34.40,0.9074,73.69,4.4324
34.50,0.8614,73.19,4.4309
34.60,0.8193,75.24,4.4138
34.70,0.8330,72.63,4.4142
34.80,0.7794,73.69,4.4117
34.90,0.7405,73.29,4.4071
35.00,0.6977,71.95,4.4156
35.10,0.6628,71.05,4.4145
35.20,0.6052,70.20,4.3923
35.30,0.5781,70.68,4.4079
35.40,0.5532,69.63,4.4072
35.50,0.4970,69.61,4.3875
35.60,0.4703,69.18,4.4069
35.70,0.4216,68.82,4.4083
35.80,0.3923,68.51,4.4037
35.90,0.3597,67.66,4.3927
36.00,0.2959,68.57,4.3892
36.10,0.2896,67.46,4.3940
36.20,0.2470,67.51,4.3986
36.30,0.1841,66.61,4.3854
36.40,0.1847,65.33,4.3897
36.50,0.1338,65.00,4.3819
36.60,0.1290,65.31,4.3806
36.70,0.1125,65.25,4.3935
36.80,0.0576,65.91,4.3857
36.90,0.0537,64.63,4.3909
37.00,0.0368,64.68,4.3777
37.10,0.0337,64.19,4.3663
37.20,0.0117,63.91,4.3717
37.30,0.0122,64.49,4.3908
37.40,0.0041,65.36,4.3609
37.50,0.0018,63.23,4.3716
37.60,0.0042,64.10,4.3617
37.70,0.0178,64.32,4.3693
37.80,0.0126,63.78,4.3791
37.90,0.0148,63.84,4.3647
38.00,0.0413,64.76,4.3620
38.10,0.0591,65.77,4.3624
38.20,0.1042,65.10,4.3610
38.30,0.1200,65.79,4.3605
38.40,0.1482,65.57,4.3403
38.50,0.1689,65.48,4.3635
38.60,0.2137,65.52,4.3744
38.70,0.2327,64.95,4.3444
38.80,0.2597,66.57,4.3574
38.90,0.2972,67.85,4.3414
39.00,0.3489,68.07,4.3491
39.10,0.4141,68.99,4.3664
39.20,0.4397,69.97,4.3511
39.30,0.4958,69.46,4.3460
39.40,0.5228,69.24,4.3477
39.50,0.5441,68.95,4.3419
39.60,0.6149,69.62,4.3493
39.70,0.6565,69.55,4.3511
39.80,0.7005,72.75,4.3493
39.90,0.7010,72.01,4.3460
40.00,0.7542,72.84,4.3420
40.10,0.7681,71.50,4.3296
40.20,0.8118,73.08,4.3337
40.30,0.8519,72.68,4.3377
40.40,0.8714,73.99,4.3441
40.50,0.9034,74.82,4.3329
40.60,0.9179,74.78,4.3396
40.70,0.9418,73.41,4.3401
40.80,0.9742,73.26,4.3341
40.90,0.9841,75.41,4.3244
41.00,0.9787,74.83,4.3292
41.10,0.9905,74.32,4.3317
41.20,1.0069,74.90,4.3287
41.30,0.9669,74.78,4.3370
41.40,0.9763,75.05,4.3276
41.50,1.0051,75.74,4.3173
41.60,0.9816,74.46,4.3442
41.70,0.9797,73.64,4.3213
41.80,0.9697,75.33,4.3306
41.90,0.9488,72.88,4.3179
42.00,0.9099,73.24,4.3162
42.10,0.9010,73.36,4.3234
42.20,0.8699,73.40,4.3188
42.30,0.8482,72.45,4.3268
42.40,0.7903,72.67,4.3298
42.50,0.7888,71.99,4.3044
42.60,0.7411,71.47,4.3052
42.70,0.7133,72.55,4.3246
42.80,0.6567,71.38,4.3040
42.90,0.6397,69.67,4.3160
43.00,0.5983,72.51,4.9936
43.10,0.5583,70.54,4.9746
43.20,0.5124,71.37,4.9748
43.30,0.4787,70.83,4.9583
43.40,0.4242,71.53,4.9597
43.50,0.3851,71.02,4.9637
43.60,0.3587,70.73,4.9442
43.70,0.3090,68.30,4.9310
43.80,0.2801,68.99,4.9351
43.90,0.2443,68.32,4.9152
44.00,0.1885,67.52,4.9178
44.10,0.1608,66.85,4.8961
44.20,0.1548,66.13,4.9034
44.30,0.1284,66.35,4.8949
44.40,0.0748,66.02,4.8747
44.50,0.0747,64.77,4.8708
44.60,0.0542,66.59,4.8545
44.70,0.0206,65.15,4.8544
44.80,0.0152,66.18,4.8636
44.90,0.0188,64.36,4.8491
45.00,-0.0017,64.66,4.8355
45.10,0.0068,64.78,4.8275
45.20,-0.0124,65.66,4.8105
45.30,0.0188,64.57,4.8219
45.40,-0.0237,66.15,4.8156
45.50,0.0214,66.41,4.8154
45.60,0.0435,66.22,4.7983
45.70,0.0545,65.35,4.7834
45.80,0.0463,66.21,4.7888
45.90,0.0715,66.92,4.7672
46.00,0.1125,65.33,4.7896
46.10,0.1468,67.93,4.7885
46.20,0.1601,66.70,4.7683
46.30,0.2053,67.19,4.7688
46.40,0.2097,67.14,4.7608
46.50,0.2680,68.96,4.7514
46.60,0.3100,68.44,4.7401
46.70,0.3548,68.89,4.7340
46.80,0.3862,69.35,4.7430
46.90,0.3952,69.58,4.7175
47.00,0.4554,69.22,4.7427
47.10,0.5044,69.07,4.7232
47.20,0.5210,70.32,4.7133
47.30,0.5688,70.51,4.7106
47.40,0.6156,71.11,4.6967
47.50,0.6551,72.10,4.6922
47.60,0.7056,72.19,4.6921
47.70,0.7317,73.44,4.6841
47.80,0.7425,72.69,4.6871
47.90,0.7817,72.80,4.6916
48.00,0.8439,74.74,4.6780
48.10,0.8406,75.05,4.6777
48.20,0.8781,76.03,4.6624
48.30,0.9064,74.13,4.6555
48.40,0.9318,74.92,4.6571
48.50,0.9666,75.32,4.6473
48.60,0.9801,75.89,4.6375
48.70,0.9982,74.52,4.6304
48.80,0.9744,75.71,4.6222
48.90,0.9721,76.48,4.6367
49.00,0.9794,74.15,4.6259
49.10,1.0093,75.30,4.6184
49.20,0.9987,75.21,4.6246
49.30,0.9931,75.46,4.6118
49.40,0.9706,73.92,4.6126
49.50,0.9674,75.19,4.6235
49.60,0.9438,74.28,4.6063
49.70,0.9219,75.27,4.5945
49.80,0.9263,73.87,4.5957
49.90,0.8861,74.43,4.6035
50.00,0.8624,73.00,4.5721
50.10,0.8759,73.59,4.5761
50.20,0.8190,73.11,4.5803
50.30,0.7683,74.12,4.5695
50.40,0.7421,71.37,4.5811
50.50,0.7128,72.88,4.5729
50.60,0.6662,72.01,4.5721
50.70,0.6332,70.68,4.5677
50.80,0.5941,68.98,4.5603
50.90,0.5632,69.41,4.5490
51.00,0.5199,69.70,4.5598
51.10,0.5005,68.62,4.5411
51.20,0.4644,69.75,4.5503
51.30,0.3967,68.82,4.5503
51.40,0.3758,69.05,4.5409
51.50,0.3224,66.74,4.5298
51.60,0.3075,66.63,4.5285
51.70,0.2469,66.07,4.5277
51.80,0.2208,66.19,4.5232
51.90,0.1807,65.88,4.5255
52.00,0.1634,66.10,4.5242
52.10,0.1077,64.98,4.5150
52.20,0.1175,64.75,4.5037
52.30,0.0813,65.67,4.5108
52.40,0.0588,63.71,4.5183
52.50,0.0244,64.83,4.5176
52.60,0.0369,64.69,4.5060
52.70,0.0042,63.83,4.5099
52.80,0.0214,62.71,4.5002
52.90,-0.0120,63.92,4.5059
53.00,-0.0044,63.67,4.4961
53.10,-0.0061,64.06,4.4924
53.20,0.0218,65.30,4.4893
53.30,0.0314,64.78,4.5001
53.40,0.0207,64.03,4.4849
53.50,0.0226,63.80,4.4808
53.60,0.0662,64.10,4.4831
53.70,0.0415,64.31,4.4759
53.80,0.0721,63.24,4.4649
53.90,0.1152,66.87,4.4710
54.00,0.1337,66.34,4.4680
54.10,0.1636,65.37,4.4682
54.20,0.1847,66.65,4.4765
54.30,0.2444,66.31,4.4594
54.40,0.2469,65.67,4.4677
54.50,0.2993,68.01,4.4665
54.60,0.3176,66.91,4.4642
54.70,0.3571,68.62,4.4427
54.80,0.4242,67.69,4.4464
54.90,0.4391,69.34,4.4691
55.00,0.4758,68.59,4.4325
55.10,0.5358,69.30,4.4597
55.20,0.5523,68.58,4.4386
55.30,0.6102,71.06,4.4320
55.40,0.6169,70.93,4.4285
55.50,0.6654,71.14,4.4429
55.60,0.6966,72.11,4.4397
55.70,0.7226,72.24,4.4474
55.80,0.7880,71.75,4.4159
55.90,0.8063,71.57,4.4375
56.00,0.8295,72.74,4.4108
56.10,0.8719,72.79,4.4117
56.20,0.8992,73.94,4.4360
56.30,0.9124,73.06,4.4121
56.40,0.9284,73.90,4.4209
56.50,0.9741,73.37,4.4202
56.60,0.9876,74.34,4.4238
56.70,0.9725,73.68,4.3995
56.80,1.0012,73.57,4.4063
56.90,0.9988,74.97,4.4130
57.00,1.0074,73.99,4.4206
57.10,1.0114,75.05,4.3998
57.20,0.9989,75.21,4.4080
57.30,0.9906,75.07,4.4134
57.40,0.9835,73.82,4.3983
57.50,0.9637,76.12,4.8817
57.60,0.9645,74.99,4.8444
57.70,0.9340,74.55,4.8463
57.80,0.9371,75.78,4.8338
57.90,0.8671,74.95,4.8318
58.00,0.8724,74.65,4.8304
58.10,0.8448,73.63,4.8042
58.20,0.7855,74.00,4.8182
58.30,0.7801,73.02,4.8005
58.40,0.7717,73.00,4.8148
58.50,0.7306,71.29,4.7823
58.60,0.6737,71.83,4.7821
58.70,0.6451,71.34,4.8075
58.80,0.6058,71.34,4.7797
58.90,0.5782,70.05,4.7860
59.00,0.5304,70.73,4.7641
59.10,0.4713,68.41,4.7465
59.20,0.4573,69.64,4.7566
59.30,0.3843,68.62,4.7466
59.40,0.3579,69.20,4.7369
59.50,0.3443,68.64,4.7387
59.60,0.2944,67.89,4.7342
59.70,0.2735,67.36,4.7279
59.80,0.2317,68.64,4.7181
59.90,0.2076,68.31,4.7216
60.00,0.1882,66.84,4.7007
60.10,0.1533,66.95,4.7233
60.20,0.1265,65.11,4.6940
60.30,0.0968,64.73,4.7026
60.40,0.0677,65.23,4.6906
60.50,0.0577,64.10,4.6869
60.60,0.0525,64.70,4.6973
60.70,0.0366,65.07,4.6835
60.80,0.0196,64.88,4.6693
60.90,0.0184,65.75,4.6638
61.00,0.0268,65.70,4.6811
61.10,0.0089,63.85,4.6595
61.20,-0.0085,64.25,4.6588
61.30,0.0136,65.92,4.6374
61.40,0.0400,64.84,4.6492
61.50,0.0285,64.31,4.6474
61.60,0.0342,64.71,4.6345
61.70,0.0510,64.14,4.6396
61.80,0.0700,65.35,4.6334
61.90,0.0776,65.82,4.6324
62.00,0.1207,65.03,4.6221
62.10,0.1362,66.73,4.6270
62.20,0.1647,66.19,4.6122
62.30,0.1986,65.72,4.6063
62.40,0.2263,65.73,4.6151
62.50,0.2482,66.06,4.6100
62.60,0.2960,67.20,4.6052
62.70,0.3180,67.42,4.5983
62.80,0.3708,68.80,4.5884
62.90,0.3839,68.44,4.5902
63.00,0.4534,69.22,4.5832
63.10,0.4732,70.46,4.5905
63.20,0.5134,69.00,4.5848
63.30,0.5680,70.08,4.5875
63.40,0.5805,71.26,4.5777
63.50,0.6445,69.57,4.5777
63.60,0.6597,70.38,4.5793
63.70,0.7169,72.15,4.5797
63.80,0.7510,71.12,4.5588
63.90,0.7692,72.30,4.5567
64.00,0.8101,72.79,4.5541
64.10,0.8363,74.26,4.5521
64.20,0.8641,73.12,4.5498
64.30,0.8768,73.64,4.5568
64.40,0.8946,73.68,4.5386
64.50,0.9230,73.18,4.5488
64.60,0.9527,73.36,4.5384
64.70,0.9631,74.69,4.5336
64.80,0.9702,73.31,4.5340
64.90,0.9730,75.30,4.5350
65.00,0.9934,75.40,4.5212
65.10,0.9731,75.16,4.5168
65.20,1.0078,73.37,4.5123
65.30,1.0163,74.04,4.5191
65.40,0.9956,72.80,4.5224
65.50,1.0014,73.07,4.5185
65.60,0.9877,75.21,4.4958
65.70,0.9708,73.84,4.5255
65.80,0.9510,73.64,4.5133
65.90,0.9249,73.83,4.4995
66.00,0.9002,74.03,4.5038
66.10,0.8915,73.16,4.5111
66.20,0.8816,73.64,4.4908
66.30,0.8159,72.68,4.4943
66.40,0.8044,72.23,4.4855
66.50,0.7712,71.71,4.4705
66.60,0.7411,71.02,4.4816
66.70,0.7125,71.21,4.4898
66.80,0.6735,71.68,4.4921
66.90,0.6547,70.36,4.4883
67.00,0.6055,71.93,4.9509
67.10,0.5744,71.92,4.9325
67.20,0.5302,71.54,4.9333
67.30,0.5025,69.54,4.9262
67.40,0.4412,70.24,4.9083
67.50,0.4375,69.69,4.8965
67.60,0.3723,68.85,4.8936
67.70,0.3546,69.44,4.8943
67.80,0.2991,68.86,4.8930
67.90,0.2774,67.41,4.8830
68.00,0.2305,66.97,4.8694
68.10,0.2467,68.20,4.8622
68.20,0.1845,67.21,4.8621
68.30,0.1446,66.62,4.8606
68.40,0.1097,66.43,4.8518
68.50,0.1092,65.47,4.8534
68.60,0.0882,64.87,4.8406
68.70,0.0770,64.35,4.8169
68.80,0.0519,64.97,4.8138
68.90,0.0115,64.08,4.8171
69.00,0.0236,65.04,4.7984
69.10,0.0073,64.55,4.8054
69.20,0.0058,62.72,4.7886
69.30,0.0012,64.13,4.7860
69.40,0.0052,63.89,4.7720
69.50,-0.0051,64.65,4.7738
69.60,0.0055,63.77,4.7702
69.70,0.0245,64.93,4.7661
69.80,0.0306,63.86,4.7509
69.90,0.0383,65.29,4.7634
70.00,0.0635,64.63,4.7637
70.10,0.0695,64.77,4.7565
70.20,0.1052,65.74,4.7324
70.30,0.1132,66.20,4.7244
70.40,0.1440,65.01,4.7353
70.50,0.1616,65.46,4.7422
70.60,0.1542,65.50,4.7184
70.70,0.2247,66.02,4.7173
70.80,0.2482,65.98,4.7240
70.90,0.3150,66.57,4.7065
71.00,0.3354,66.97,4.7107
71.10,0.3704,67.42,4.6869
71.20,0.4110,67.54,4.6950
71.30,0.4404,68.82,4.6999
71.40,0.4496,69.52,4.6853
71.50,0.5177,69.44,4.6985
71.60,0.5398,70.85,4.6790
71.70,0.5712,68.47,4.6854
71.80,0.6284,71.10,4.6653
71.90,0.6629,71.10,4.6570
72.00,0.6924,70.87,4.6670
72.10,0.7114,73.66,4.6428
72.20,0.7535,71.18,4.6524
72.30,0.7982,73.55,4.6459
72.40,0.8268,73.37,4.6463
72.50,0.8310,72.75,4.6396
72.60,0.8550,73.32,4.6385
72.70,0.9114,73.20,4.6077
72.80,0.9048,74.19,4.6270
72.90,0.9401,73.76,4.6272
73.00,0.9582,72.97,4.6261
73.10,0.9636,73.58,4.6086
73.20,0.9805,74.60,4.6165
73.30,0.9776,73.97,4.6108
73.40,0.9994,75.90,4.6144
73.50,1.0139,74.38,4.5989
73.60,0.9887,76.09,4.6043
73.70,1.0070,73.79,4.5809
73.80,0.9788,74.61,4.5992
73.90,0.9910,73.94,4.6060
74.00,0.9677,74.64,4.6042
74.10,0.9564,73.19,4.5690
74.20,0.9218,74.11,4.5825
74.30,0.9459,73.39,4.5777
74.40,0.9057,72.41,4.5908
74.50,0.8949,73.83,4.5727
74.60,0.8642,73.70,4.5734
74.70,0.8415,72.70,4.5627
74.80,0.8040,72.30,4.5617
74.90,0.7888,73.09,4.5711
75.00,0.7500,72.03,4.5622
75.10,0.7322,71.64,4.5546
75.20,0.6840,71.69,4.5452
75.30,0.6708,70.99,4.5539
75.40,0.6231,69.04,4.5421
75.50,0.5919,69.49,4.5444
75.60,0.5360,68.20,4.5503
75.70,0.5321,70.71,4.5424
75.80,0.4657,68.28,4.5343
75.90,0.4397,67.70,4.5301
76.00,0.4146,67.46,4.5228
76.10,0.3727,67.11,4.5221
76.20,0.3355,66.14,4.5209
76.30,0.2960,67.83,4.5195
76.40,0.2512,65.71,4.5264
76.50,0.2285,66.09,4.5135
76.60,0.2130,65.11,4.5276
76.70,0.1900,65.80,4.5191
76.80,0.1381,64.85,4.5159
76.90,0.1266,65.11,4.5041
77.00,0.1128,64.24,4.5129
77.10,0.0906,63.49,4.5131
77.20,0.0778,64.31,4.4884
77.30,0.0511,63.94,4.5087
77.40,0.0245,62.70,4.4882
77.50,0.0282,62.94,4.4904
77.60,0.0167,63.03,4.4839
77.70,-0.0012,64.29,4.5011
77.80,-0.0010,63.41,4.4731
77.90,0.0009,63.59,4.4863
78.00,-0.0019,63.79,4.4887
78.10,0.0089,62.91,4.4760
78.20,0.0218,63.20,4.4683
78.30,0.0141,63.84,4.4639
78.40,0.0350,64.15,4.4733
78.50,0.0320,63.89,4.4705
78.60,0.0769,64.37,4.4604
78.70,0.0888,64.87,4.4779
78.80,0.1142,64.30,4.4823
78.90,0.1260,63.89,4.4605
79.00,0.1562,64.76,4.4463
79.10,0.1889,64.86,4.4674
79.20,0.2293,65.32,4.4524
79.30,0.2205,65.19,4.4496
79.40,0.2922,65.33,4.4581
79.50,0.3138,68.46,5.1514
79.60,0.3351,68.95,5.1278
79.70,0.3912,69.17,5.1435
79.80,0.4027,70.33,5.1214
79.90,0.4513,70.33,5.1093
80.00,0.4808,70.16,5.1088
80.10,0.5021,71.33,5.0962
80.20,0.5424,71.77,5.0861
80.30,0.5867,72.92,5.0730
80.40,0.6360,71.25,5.0774
80.50,0.6799,71.89,5.0479
80.60,0.7032,71.95,5.0627
80.70,0.7194,71.60,5.0455
80.80,0.7661,72.92,5.0400
80.90,0.7951,73.74,5.0335
81.00,0.8235,73.49,5.0311
81.10,0.8463,74.79,5.0073
81.20,0.8648,74.43,5.0071
81.30,0.8936,74.50,5.0088
81.40,0.9305,75.66,4.9942
81.50,0.9312,75.46,4.9873
81.60,0.9428,75.02,4.9746
81.70,0.9640,74.75,4.9751
81.80,0.9570,75.04,4.9441
81.90,0.9787,75.81,4.9504
82.00,1.0137,75.79,4.9454
82.10,0.9894,76.42,4.9403
82.20,1.0154,76.10,4.9137
82.30,1.0177,74.46,4.9281
82.40,0.9927,75.69,4.9193
82.50,0.9812,75.97,4.9011
82.60,0.9670,75.22,4.9122
82.70,0.9753,74.67,4.8842
82.80,0.9667,76.30,4.8765
82.90,0.9272,74.74,4.8719
83.00,0.9313,74.24,4.8804
83.10,0.9035,73.86,4.8666
83.20,0.8543,74.15,4.8694
83.30,0.8620,73.87,4.8510
83.40,0.8343,74.14,4.8490
83.50,0.7873,72.35,4.8454
83.60,0.7745,72.00,4.8489
83.70,0.7467,73.01,4.8269
83.80,0.7050,72.35,4.8126
83.90,0.6796,72.35,4.8172
84.00,0.6398,71.33,4.8110
84.10,0.6205,71.53,4.8042
84.20,0.6066,71.69,4.7993
84.30,0.5212,69.79,4.8077
84.40,0.5115,69.18,4.7887
84.50,0.4597,70.07,4.7828
84.60,0.4521,68.43,4.7778
84.70,0.3958,69.60,4.7659
84.80,0.3769,67.65,4.7707
84.90,0.3235,68.11,4.7747
85.00,0.2912,66.46,4.7670
85.10,0.2775,66.56,4.7469
85.20,0.2449,67.16,4.7526
85.30,0.2000,67.03,4.7564
85.40,0.1814,65.28,4.7429
85.50,0.1532,65.55,4.7243
85.60,0.1325,65.84,4.7399
85.70,0.1167,64.78,4.7220
85.80,0.0825,63.39,4.7218
85.90,0.0764,64.11,4.7034
86.00,0.0511,65.38,4.7068
86.10,0.0353,64.87,4.7183
86.20,0.0186,64.80,4.7048
86.30,0.0108,63.43,4.6979
86.40,0.0081,63.77,4.6901
86.50,0.0141,63.73,4.6992
86.60,0.0026,63.40,4.6907
86.70,-0.0118,62.96,4.6884
86.80,0.0138,64.83,4.6683
86.90,-0.0039,64.65,4.6780
87.00,0.0047,63.15,4.6788
87.10,0.0054,64.27,4.6688
87.20,0.0357,63.88,4.6399
87.30,0.0492,63.87,4.6524
87.40,0.0489,65.44,4.6470
87.50,0.1063,63.95,4.6447
87.60,0.1141,65.13,4.6518
87.70,0.1190,64.97,4.6410
87.80,0.1738,65.49,4.6452
87.90,0.1976,66.45,4.6293
88.00,0.2067,66.32,4.6317
88.10,0.2305,64.84,4.6196
88.20,0.2736,66.12,4.6210
88.30,0.3092,66.66,4.6016
88.40,0.3372,67.56,4.6123
88.50,0.3900,66.75,4.6074
88.60,0.3970,68.13,4.6081
88.70,0.4287,67.42,4.6117
88.80,0.4831,68.79,4.6039
88.90,0.5334,68.74,4.5953
89.00,0.5491,68.32,4.6007
89.10,0.5815,70.01,4.5851
89.20,0.6285,69.88,4.5880
89.30,0.6487,70.83,4.5617
89.40,0.6861,70.40,4.5825
89.50,0.7034,71.82,4.5768
89.60,0.7418,69.61,4.5855
89.70,0.7676,71.64,4.5742
89.80,0.7824,72.80,4.5640
89.90,0.8138,71.50,4.5585
90.00,0.8478,72.91,4.5681
90.10,0.8545,72.36,4.5715
90.20,0.8931,72.93,4.5702
90.30,0.9055,72.71,4.5497
90.40,0.9261,73.97,4.5492
90.50,0.9575,75.42,4.5384
90.60,0.9557,73.70,4.5472
90.70,0.9871,74.10,4.5411
90.80,1.0116,73.15,4.5417
90.90,0.9977,73.69,4.5321
91.00,1.0003,73.79,4.5383
91.10,1.0097,73.11,4.5316
91.20,1.0094,74.78,4.5278
91.30,0.9887,74.14,4.5324
91.40,0.9597,73.10,4.5141
91.50,0.9992,75.38,4.9339
91.60,0.9806,74.90,4.9148
91.70,0.9630,75.22,4.9151
91.80,0.9434,74.18,4.8997
91.90,0.9337,73.51,4.8857
92.00,0.9053,73.94,4.8876
92.10,0.8586,73.70,4.8827
92.20,0.8755,73.39,4.8637
92.30,0.8476,74.11,4.8763
92.40,0.8282,73.42,4.8582
92.50,0.7846,73.70,4.8539
92.60,0.7522,72.05,4.8473
92.70,0.7194,72.23,4.8556
92.80,0.7141,71.19,4.8450
92.90,0.6778,70.92,4.8308
93.00,0.6307,71.65,4.8303
93.10,0.5920,70.43,4.8269
93.20,0.5504,69.91,4.8100
93.30,0.5352,69.98,4.8152
93.40,0.4965,69.54,4.8037
93.50,0.4498,68.63,4.7912
93.60,0.4106,67.95,4.7921
93.70,0.3867,67.52,4.7903
93.80,0.3548,67.77,4.7721
93.90,0.3167,65.39,4.7831
94.00,0.2857,65.28,4.7766
94.10,0.2599,66.63,4.7702
94.20,0.2169,66.32,4.7661
94.30,0.1944,65.85,4.7650
94.40,0.1788,65.94,4.7508
94.50,0.1541,65.57,4.7581
94.60,0.1219,65.61,4.7427
94.70,0.1026,65.08,4.7425
94.80,0.0844,64.57,4.7168
94.90,0.0706,63.75,4.7311
95.00,0.0659,63.64,4.7243
95.10,0.9235,63.21,4.7122
95.20,0.9327,64.67,4.7243
95.30,0.9037,64.46,4.7208
95.40,0.9011,64.44,4.7167
95.50,0.9212,63.39,4.7087
95.60,0.9208,63.45,4.7036
95.70,0.9104,63.56,4.7185
95.80,0.9310,63.76,4.7029
95.90,0.9202,63.28,4.6705
96.00,0.8990,64.03,4.6828
96.10,0.9110,62.27,4.6720
96.20,0.9252,62.88,4.6891
96.30,0.9241,65.28,4.6651
96.40,0.9193,65.39,4.6667
96.50,0.9420,64.78,4.6620
96.60,0.9250,64.19,4.6599
96.70,0.9081,64.23,4.6684
96.80,0.9226,64.89,4.6491
96.90,0.9190,64.52,4.6435
97.00,0.9157,67.43,4.6435
97.10,0.9117,66.18,4.6532
97.20,0.9270,66.36,4.6409
97.30,0.9298,65.88,4.6414
97.40,0.9129,67.11,4.6348
97.50,0.9257,67.73,4.6443
97.60,0.9191,67.21,4.6253
97.70,0.9315,66.84,4.6194
97.80,0.9191,67.56,4.6143
97.90,0.9079,67.57,4.6073
98.00,0.9312,68.17,4.5977
98.10,0.8965,68.50,4.6139
98.20,0.9153,69.46,4.6026
98.30,0.9022,69.71,4.5855
98.40,0.9147,70.20,4.5979
98.50,0.9297,70.62,4.5790
98.60,0.9170,70.22,4.5809
98.70,0.9093,72.24,4.6040
98.80,0.9272,69.49,4.5738
98.90,0.9214,71.66,4.5896
99.00,0.9176,71.02,4.5676
99.10,0.9161,71.63,4.5661
99.20,0.9223,72.33,4.5804
99.30,0.9042,71.92,4.5688
99.40,0.9210,73.68,4.5682
99.50,0.9079,73.30,4.5596
99.60,0.9287,72.29,4.5714
99.70,0.9299,73.55,4.5405
99.80,0.9061,73.67,4.5631
99.90,0.9243,74.14,4.5551
100.00,0.9240,73.40,4.5383
100.10,0.8930,73.48,4.5615
100.20,0.9023,73.78,4.5442
100.30,0.9159,73.24,4.5328
100.40,0.9137,73.62,4.5425
100.50,0.9240,74.08,4.5446
100.60,0.9184,73.35,4.5259
100.70,0.9222,72.57,4.5267
100.80,0.9231,73.61,4.5353
100.90,0.9179,72.58,4.5267
101.00,0.9180,72.18,4.5160
101.10,0.9235,72.14,4.5133
101.20,0.9258,73.70,4.5155
101.30,0.9097,72.25,4.5241
101.40,0.9204,71.31,4.5056
101.50,0.9337,72.77,4.5033
101.60,0.9092,71.94,4.5110
101.70,0.8993,70.49,4.5095
101.80,0.9014,70.37,4.5035
101.90,0.9177,70.21,4.5038
102.00,0.9221,70.61,4.4867
102.10,0.9363,70.13,4.5052
102.20,0.9203,70.52,4.4859
102.30,0.9172,70.17,4.4853
102.40,0.9085,70.07,4.4974
102.50,0.9239,67.98,4.4870
102.60,0.9499,67.94,4.4891
102.70,0.9170,68.21,4.4919
102.80,0.9096,67.84,4.4838
102.90,0.9321,67.23,4.4718
103.00,0.9210,65.87,4.4831
103.10,0.9087,65.59,4.4808
103.20,0.9221,66.59,4.4718
103.30,0.9282,64.77,4.4773
103.40,0.9119,64.95,4.4705
103.50,0.9159,65.12,4.4837
103.60,0.8976,63.16,4.4750
103.70,0.9300,64.08,4.4711
103.80,0.9225,63.59,4.4640
103.90,0.9313,63.95,4.4599
104.00,0.9131,63.33,4.4523
104.10,0.9230,63.66,4.4575
104.20,0.9236,63.42,4.4618
104.30,0.9074,62.81,4.4641
104.40,0.9177,63.74,4.4522
104.50,0.9384,62.46,4.4589
104.60,0.9124,62.12,4.4499
104.70,0.9275,62.64,4.4481
104.80,0.9285,62.22,4.4290
104.90,0.9096,62.48,4.4567
105.00,0.0153,62.76,4.4548
105.10,0.0011,62.20,4.4375
105.20,0.0022,62.08,4.4464
105.30,0.0498,63.26,4.4306
105.40,0.0180,63.18,4.4397
105.50,0.0346,62.95,4.4308
105.60,0.0456,62.94,4.4229
105.70,0.0509,63.29,4.4317
105.80,0.0838,64.62,4.4338
105.90,0.1042,63.51,4.4300
106.00,0.1188,62.51,4.4164
106.10,0.1267,63.69,4.4481
106.20,0.1637,64.74,4.4265
106.30,0.1929,64.88,4.4427
106.40,0.2386,64.89,4.4274
106.50,0.2427,63.78,4.4258
106.60,0.2703,64.82,4.4185
106.70,0.3214,66.41,4.4267
106.80,0.3485,66.60,4.4305
106.90,0.3634,66.05,4.4284
107.00,0.3967,68.08,4.4303
107.10,0.4244,67.53,4.4333
107.20,0.4590,67.58,4.4209
107.30,0.5064,66.82,4.4149
107.40,0.5357,68.58,4.4232
107.50,0.5761,67.74,4.4239
107.60,0.6007,69.43,4.4170
107.70,0.6354,69.20,4.4173
107.80,0.6895,69.44,4.3954
107.90,0.7249,68.55,4.4130
108.00,0.7279,69.66,4.3991
108.10,0.7581,70.74,4.4223
108.20,0.7912,70.86,4.4159
108.30,0.8003,71.24,4.4063
108.40,0.8323,71.05,4.4010
108.50,0.8420,71.48,4.3972
108.60,0.8775,72.73,4.4044
108.70,0.9057,71.21,4.4030
108.80,0.9086,71.62,4.4052
108.90,0.9430,72.48,4.3931
109.00,0.9522,72.28,4.4081
109.10,0.9617,72.72,4.4014
109.20,0.9965,72.44,4.3966
109.30,0.9822,73.05,4.4014
109.40,1.0006,74.63,4.3862
109.50,1.0185,72.19,4.3957
109.60,1.0014,71.52,4.3983
109.70,1.0000,73.33,4.3829
109.80,1.0138,71.98,4.4014
109.90,1.0096,72.70,4.3996
110.00,0.9931,72.65,4.4035
110.10,0.9787,73.55,4.3867
110.20,0.9435,72.00,4.4011
110.30,0.9664,71.87,4.3769
110.40,0.9342,71.25,4.3950
110.50,0.9316,72.99,4.3830
110.60,0.9027,71.83,4.3909
110.70,0.9068,71.70,4.3836
110.80,0.8872,71.94,4.3863
110.90,0.8324,69.68,4.3865
111.00,0.8172,69.92,4.3792
111.10,0.7734,70.93,4.3923
111.20,0.7447,69.86,4.3968
111.30,0.7293,69.24,4.3840
111.40,0.6852,70.48,4.3757
111.50,0.6843,70.15,4.3686
111.60,0.6425,69.02,4.3839
111.70,0.6149,68.02,4.3717
111.80,0.5697,68.69,4.3760
111.90,0.5310,67.48,4.3904
112.00,0.5054,67.83,4.3829
112.10,0.4753,66.50,4.3686
112.20,0.4279,67.54,4.3851
112.30,0.4353,66.67,4.3795
112.40,0.3903,65.91,4.3824
112.50,0.3539,64.59,4.3910
112.60,0.3025,65.89,4.3665
112.70,0.3022,65.50,4.3707
112.80,0.2586,64.36,4.3750
112.90,0.2306,65.17,4.3721
113.00,0.2295,64.46,4.3576
113.10,0.1779,64.53,4.3785
113.20,0.1625,62.90,4.3767
113.30,0.1108,64.10,4.3828
113.40,0.0982,63.49,4.3794
113.50,0.0612,62.16,4.3759
113.60,0.0852,62.12,4.3632
113.70,0.0378,63.13,4.3662
113.80,0.0338,63.73,4.3531
113.90,0.0508,61.78,4.3722
114.00,0.0054,62.41,4.3538
114.10,0.0264,61.94,4.3578
114.20,0.0023,62.21,4.3635
114.30,0.0259,62.39,4.3601
114.40,0.0127,61.70,4.3623
114.50,-0.0149,61.44,4.3724
114.60,-0.0043,61.25,4.3641
114.70,-0.0040,62.88,4.3609
114.80,0.0126,60.96,4.3668
114.90,0.0015,61.77,4.3763
115.00,0.0173,62.57,4.3611
115.10,0.0281,62.47,4.3546
115.20,0.0524,63.11,4.3672
115.30,0.0851,62.61,4.3573
115.40,0.0913,63.06,4.3592
115.50,0.1155,64.81,4.3673
115.60,0.1346,63.86,4.3621
115.70,0.1720,63.23,4.3572
115.80,0.2011,64.17,4.3635
115.90,0.2065,64.65,4.3631
116.00,0.2411,65.88,4.3629
116.10,0.2501,63.93,4.3622
116.20,0.2856,65.41,4.3553
116.30,0.3325,64.40,4.3478
116.40,0.3565,65.15,4.3566
116.50,0.3773,65.49,4.3697
116.60,0.4251,66.01,4.3515
116.70,0.4598,67.18,4.3531
116.80,0.4782,68.43,4.3436
116.90,0.5238,68.27,4.3607
117.00,0.5636,66.77,4.3547
117.10,0.5709,68.63,4.3617
117.20,0.6280,67.08,4.3409
117.30,0.6405,68.97,4.3443
117.40,0.6716,68.78,4.3654
117.50,0.7069,69.75,4.3596
117.60,0.7320,71.14,4.3589
117.70,0.7562,69.41,4.3504
117.80,0.7747,70.91,4.3569
117.90,0.8343,69.34,4.3550
118.00,0.8468,70.18,4.3462
118.10,0.8569,71.02,4.3571
118.20,0.9139,70.15,4.3545
118.30,0.9209,71.68,4.3603
118.40,0.9140,70.96,4.3641
118.50,0.9431,71.17,4.3353
118.60,0.9383,72.98,4.3583
118.70,0.9654,72.26,4.3390
118.80,0.9847,71.62,4.3374
118.90,0.9871,72.55,4.3546
119.00,0.9995,70.86,4.3391
119.10,1.0018,72.51,4.3414
119.20,0.9955,72.08,4.3521
119.30,1.0164,72.97,4.3484
119.40,1.0044,72.85,4.3560
119.50,0.9720,73.79,4.3428
119.60,0.9914,72.76,4.3518
119.70,0.9696,71.90,4.3419
119.80,0.9799,73.44,4.3499
119.90,0.9595,72.39,4.3616
120.00,0.9251,72.15,4.3602
120.10,0.9366,71.51,4.3481
120.20,0.9063,70.71,4.3374
120.30,0.8739,70.37,4.3419
120.40,0.8615,72.45,4.3482
120.50,0.8613,73.37,5.0640
120.60,0.8147,72.86,5.0520
120.70,0.7718,72.29,5.0517
120.80,0.7494,72.55,5.0374
120.90,0.7260,72.22,5.0362
121.00,0.7232,71.40,5.0161
121.10,0.6808,71.30,5.0288
121.20,0.6529,70.35,4.9978
121.30,0.6323,71.88,4.9996
121.40,0.5722,68.91,4.9922
121.50,0.5562,71.02,4.9891
121.60,0.5182,68.27,4.9778
121.70,0.4829,69.37,4.9801
121.80,0.4660,68.45,4.9723
121.90,0.4265,67.18,4.9598
122.00,0.4078,67.00,4.9545
122.10,0.3608,68.05,4.9469
122.20,0.3426,67.38,4.9138
122.30,0.3136,65.36,4.9237
122.40,0.2697,66.54,4.9272
122.50,0.2251,66.10,4.9143
122.60,0.2200,65.85,4.9288
122.70,0.1782,66.08,4.8864
122.80,0.1593,64.36,4.8978
122.90,0.1465,64.84,4.8782
123.00,0.1177,65.41,4.8886
123.10,0.0951,64.86,4.8808
123.20,0.0596,64.09,4.8717
123.30,0.0730,64.40,4.8617
123.40,0.0515,62.63,4.8503
123.50,0.0172,63.64,4.8573
123.60,0.0321,62.97,4.8569
123.70,0.0274,63.56,4.8512
123.80,0.0136,63.39,4.8288
123.90,-0.0091,62.83,4.8239
124.00,0.0023,62.79,4.8274
124.10,-0.0119,62.48,4.8239
124.20,-0.0152,64.00,4.8177
124.30,0.0004,63.97,4.8032
124.40,0.0314,62.91,4.8040
124.50,0.0213,63.21,4.8245
124.60,0.0404,61.94,4.7994
124.70,0.0271,63.62,4.7809
124.80,0.0552,63.26,4.7999
124.90,0.0731,63.70,4.7813
125.00,0.1144,64.80,4.7780
125.10,0.1213,64.44,4.7660
125.20,0.1219,64.28,4.7669
125.30,0.1489,65.48,4.7575
125.40,0.1692,65.81,4.7621
125.50,0.2049,65.87,4.7600
125.60,0.2367,64.18,4.7609
125.70,0.2746,64.24,4.7428
125.80,0.2720,65.74,4.7269
125.90,0.2912,66.27,4.7256
126.00,0.3412,66.21,4.7228
126.10,0.3690,66.69,4.7254
126.20,0.3989,65.90,4.7275
126.30,0.4274,67.08,4.7173
126.40,0.4588,67.84,4.7085
126.50,0.5126,67.85,4.7063
126.60,0.5342,67.02,4.7017
126.70,0.5652,68.31,4.6966
126.80,0.6014,68.65,4.6959
126.90,0.5992,69.38,4.6778
127.00,0.6548,69.86,4.6911
127.10,0.6807,69.25,4.6736
127.20,0.7143,70.86,4.6707
127.30,0.7287,70.49,4.6617
127.40,0.7509,70.22,4.6853
127.50,0.7980,70.62,4.6666
127.60,0.8026,72.06,4.6500
127.70,0.8599,70.68,4.6785
127.80,0.8768,72.53,4.6575
127.90,0.8848,72.78,4.6598
128.00,0.9175,72.22,4.6621
128.10,0.9463,73.69,4.6414
128.20,0.9106,72.13,4.6437
128.30,0.9575,73.33,4.6484
128.40,0.9706,71.91,4.6504
128.50,0.9698,73.27,4.6456
128.60,0.9628,72.29,4.6329
128.70,1.0115,72.79,4.6361
128.80,1.0133,73.85,4.6171
128.90,1.0067,72.22,4.6196
129.00,0.9963,72.80,4.5991
129.10,0.9753,72.48,4.6240
129.20,0.9641,73.36,4.6159
129.30,0.9810,73.56,4.6251
129.40,0.9796,70.85,4.6000
129.50,0.9743,72.38,4.6099
129.60,0.9394,71.48,4.5990
129.70,0.9424,73.54,4.6026
129.80,0.9296,72.82,4.5951
129.90,0.9255,71.23,4.5881
130.00,0.8799,71.24,4.5778
130.10,0.8670,71.73,4.5879
130.20,0.8468,71.66,4.5795
130.30,0.8327,72.13,4.5858
130.40,0.7934,71.98,4.5750
130.50,0.7728,70.26,4.5777
130.60,0.7545,69.48,4.5685
130.70,0.7136,70.44,4.5656
130.80,0.6803,69.37,4.5676
130.90,0.6587,69.95,4.5590
131.00,0.6067,68.33,4.5585
131.10,0.6003,68.81,4.5594
131.20,0.5568,67.33,4.5509
131.30,0.5248,67.95,4.5500
131.40,0.5010,67.31,4.5597
131.50,0.4557,67.07,4.5410
131.60,0.4370,66.79,4.5628
131.70,0.4222,65.57,4.5599
131.80,0.3844,66.89,4.5517
131.90,0.3390,65.27,4.5480
132.00,0.3083,66.51,4.5383
132.10,0.2773,64.98,4.5436
132.20,0.2430,65.07,4.5357
132.30,0.2157,63.80,4.5367
132.40,0.1876,63.84,4.5312
132.50,0.1614,63.74,4.5143
132.60,0.1525,63.58,4.5216
132.70,0.1091,63.49,4.5264
132.80,0.1102,63.02,4.5163
132.90,0.0894,62.94,4.5278
133.00,0.0736,63.15,4.5114
133.10,0.0691,62.81,4.5113
133.20,0.0450,61.31,4.5129
133.30,0.0506,62.28,4.4965
133.40,0.0151,61.65,4.5187
133.50,0.0122,62.17,4.5125
133.60,-0.0004,62.05,4.5112
133.70,0.0138,61.70,4.4999
133.80,-0.0045,61.88,4.4955
133.90,0.0053,61.47,4.5117
134.00,0.0073,61.63,4.5077
134.10,0.0077,61.27,4.4979
134.20,0.0015,61.93,4.5040
134.30,0.0208,61.98,4.4835
134.40,0.0460,61.38,4.4826
134.50,0.0574,63.21,4.5015
134.60,0.0516,61.75,4.4932
134.70,0.0804,62.58,4.4839
134.80,0.1078,62.46,4.4879
134.90,0.1118,62.47,4.4857
135.00,0.1345,64.14,4.4868
135.10,0.1298,62.43,4.4710
135.20,0.1887,63.68,4.4984
135.30,0.2048,62.11,4.4865
135.40,0.2276,64.20,4.4512
135.50,0.2511,64.63,4.4706
135.60,0.2786,64.69,4.4818
135.70,0.3195,64.70,4.4917
135.80,0.3561,66.20,4.4636
135.90,0.3872,66.35,4.4698
136.00,0.4261,66.00,4.4783
136.10,0.4379,65.32,4.4747
136.20,0.4632,67.08,4.4684
136.30,0.5245,67.25,4.4772
136.40,0.5395,67.25,4.4515
136.50,0.5692,67.76,4.4588
136.60,0.6049,67.66,4.4518
136.70,0.6077,67.66,4.4671
136.80,0.6392,68.57,4.4628
136.90,0.7008,70.52,4.4526
137.00,0.7270,69.44,4.4554
137.10,0.7444,71.22,5.1815
137.20,0.7812,71.21,5.1743
137.30,0.7920,72.89,5.1489
137.40,0.8312,71.96,5.1420
137.50,0.8568,73.41,5.1227
137.60,0.8691,73.87,5.1453
137.70,0.8847,73.19,5.1193
137.80,0.9020,74.22,5.1135
137.90,0.9102,74.75,5.1026
138.00,0.9524,73.30,5.0896
138.10,0.9473,74.78,5.0750
138.20,0.9702,73.10,5.0740
138.30,0.9749,75.36,5.0673
138.40,0.9821,74.97,5.0642
138.50,1.0015,72.76,5.0540
138.60,1.0142,73.99,5.0522
138.70,0.9987,73.66,5.0323
138.80,0.9822,74.61,5.0360
138.90,0.9998,74.57,5.0306
139.00,0.9951,74.54,5.0100
139.10,1.0016,74.90,5.0145
139.20,0.9740,74.78,4.9945
139.30,0.9627,73.66,4.9969
139.40,0.9579,73.26,4.9857
139.50,0.9229,73.59,4.9957
139.60,0.9056,72.48,4.9666
139.70,0.9022,73.44,4.9467
139.80,0.9113,73.32,4.9580
139.90,0.8784,73.39,4.9433
140.00,0.8294,72.04,4.9419
140.10,0.8405,71.92,4.9407
140.20,0.7914,71.74,4.9339
140.30,0.7834,71.90,4.9377
140.40,0.7478,72.17,4.9191
140.50,0.7218,71.97,4.9138
140.60,0.7088,70.33,4.9122
140.70,0.6530,69.74,4.9099
140.80,0.6413,69.76,4.8892
140.90,0.6037,69.49,4.8904
141.00,0.5720,68.20,4.8745
141.10,0.5341,68.50,4.8915
141.20,0.4931,68.24,4.8664
141.30,0.4860,68.23,4.8613
141.40,0.4425,66.83,4.8572
141.50,0.4071,67.48,4.8487
141.60,0.3570,67.26,4.8576
141.70,0.3539,66.80,4.8549
141.80,0.2970,66.34,4.8382
141.90,0.2798,65.99,4.8235
142.00,0.2654,65.20,4.8236
142.10,0.2260,65.00,4.8172
142.20,0.2182,64.50,4.8039
142.30,0.1994,64.54,4.8137
142.40,0.1664,63.33,4.7983
142.50,0.1148,64.06,4.7897
142.60,0.1232,63.18,4.7928
142.70,0.0986,63.58,4.7959
142.80,0.0538,61.47,4.7820
142.90,0.0629,62.55,4.7748
143.00,0.0634,63.15,4.7869
143.10,0.0367,62.27,4.7733
143.20,0.0224,61.94,4.7821
143.30,0.0067,63.03,4.7639
143.40,0.0175,62.25,4.7505
143.50,0.0001,62.32,4.7439
143.60,-0.0050,62.52,4.7562
143.70,-0.0091,61.96,4.7453
143.80,-0.0059,62.92,4.7365
143.90,0.0002,61.69,4.7226
144.00,0.0199,61.55,4.7484
144.10,0.0138,61.37,4.7249
144.20,0.0321,62.61,4.7229
144.30,0.0648,63.07,4.7171
144.40,0.0616,62.25,4.7102
144.50,0.0851,62.90,4.7166
144.60,0.0709,63.33,4.7140
144.70,0.1278,63.71,4.7146
144.80,0.1253,62.99,4.6997
144.90,0.1474,64.03,4.6973
145.00,0.1795,63.46,4.6940
145.10,0.2006,63.51,4.6999
145.20,0.2217,64.71,4.6883
145.30,0.2494,64.56,4.6797
145.40,0.2910,63.96,4.6902
145.50,0.2705,64.76,4.6766
145.60,0.3236,65.77,4.6572
145.70,0.3592,66.46,4.6619
145.80,0.4190,66.97,4.6741
145.90,0.4170,66.48,4.6643
146.00,0.4669,66.81,4.6603
146.10,0.4915,67.71,4.6468
146.20,0.5344,67.89,4.6463
146.30,0.5292,68.44,4.6531
146.40,0.5682,68.25,4.6561
146.50,0.5911,69.10,4.6287
146.60,0.6388,67.78,4.6447
146.70,0.6710,68.69,4.6406
146.80,0.7096,69.70,4.6271
146.90,0.7341,68.92,4.6442
147.00,0.7671,69.29,4.6340
147.10,0.7856,71.05,4.6388
147.20,0.7756,69.44,4.6160
147.30,0.8380,70.48,4.6093
147.40,0.8476,70.79,4.6143
147.50,0.8683,71.60,4.6074
147.60,0.8888,70.40,4.6150
147.70,0.9219,72.79,4.6005
147.80,0.9263,70.98,4.5956
147.90,0.9719,71.31,4.6028
148.00,0.9579,73.22,4.5879
148.10,0.9779,72.44,4.5768
148.20,0.9930,72.71,4.5900
148.30,0.9885,72.60,4.5890
148.40,0.9869,72.61,4.5875
148.50,0.9981,71.84,4.5769
148.60,1.0028,70.89,4.5862
148.70,0.9931,73.14,4.5878
148.80,0.9884,71.80,4.5853
148.90,0.9829,72.12,4.5874
149.00,0.9830,71.64,4.5571
149.10,0.9632,70.98,4.5665
149.20,0.9789,71.69,4.5624
149.30,0.9467,73.00,4.5686
149.40,0.9352,72.89,4.5731
149.50,0.9396,70.59,4.5606
149.60,0.9142,71.53,4.5528
149.70,0.8650,71.34,4.5516
149.80,0.8552,72.08,4.5539
149.90,0.8465,72.31,4.5441
150.00,0.7950,70.69,4.5401
150.10,0.7883,70.31,4.5273
150.20,0.7787,70.83,4.5369
150.30,0.7476,68.48,4.5503
150.40,0.7134,70.58,4.5514
150.50,0.6998,69.00,4.5369
150.60,0.6472,68.06,4.5435
150.70,0.6255,67.16,4.5168
150.80,0.6138,67.99,4.5314
150.90,0.5360,68.90,4.5288
151.00,0.5125,67.02,4.5086
151.10,0.4920,65.91,4.5236
151.20,0.4506,66.85,4.5137
151.30,0.4343,65.32,4.5279
151.40,0.4104,65.76,4.5162
151.50,0.3835,65.11,4.5182
151.60,0.3226,65.55,4.5166
151.70,0.3048,63.46,4.5138
151.80,0.2675,65.23,4.5158
151.90,0.2513,63.77,4.4978
152.00,0.2094,65.04,4.5070
152.10,0.2051,64.13,4.5063
152.20,0.1722,63.28,4.5084
152.30,0.1583,63.36,4.4927
152.40,0.1413,60.76,4.4847
152.50,0.0996,62.40,4.5127
152.60,0.0990,62.78,4.5037
152.70,0.0660,62.22,4.4932
152.80,0.0650,62.02,4.5008
152.90,0.0381,61.95,4.5034
153.00,0.0443,62.18,4.4732
153.10,-0.0073,60.91,4.4934
153.20,0.0147,61.05,4.4865
153.30,0.0092,60.64,4.4915
153.40,-0.0272,61.51,4.4812
153.50,-0.0096,60.85,4.4893
153.60,-0.0110,62.24,4.4937
153.70,0.0007,61.77,4.4827
153.80,-0.0099,61.92,4.4748
153.90,0.0223,60.66,4.4765
154.00,0.0236,60.93,4.4679
154.10,0.0265,61.78,4.4582
154.20,0.0500,60.50,4.4848
154.30,0.0393,60.74,4.4686
154.40,0.0943,61.59,4.4661
154.50,0.0896,62.99,4.4761
154.60,0.0930,62.29,4.4783
154.70,0.1125,61.43,4.4712
154.80,0.1677,63.34,4.4630
154.90,0.1873,62.27,4.4627
155.00,0.1982,63.78,4.4581
155.10,0.2247,62.96,4.4592
155.20,0.2584,64.90,4.4526
155.30,0.2686,63.39,4.4614
155.40,0.3264,65.25,4.4683
155.50,0.3448,65.85,4.4614
155.60,0.3755,65.40,4.4630
155.70,0.4074,65.22,4.4607
155.80,0.4111,64.77,4.4738
155.90,0.4363,67.36,4.4506
156.00,0.5086,66.55,4.4504
156.10,0.5257,66.48,4.4384
156.20,0.5614,66.21,4.4625
156.30,0.5626,67.63,4.4396
156.40,0.6219,67.84,4.4523
156.50,0.6473,68.38,4.4392
156.60,0.6865,69.26,4.4538
156.70,0.6965,67.47,4.4295
156.80,0.7656,69.30,4.4399
156.90,0.7674,71.56,4.4521
157.00,0.7879,69.19,4.4440
157.10,0.8224,69.20,4.4486
157.20,0.8592,70.45,4.4526
157.30,0.8647,69.23,4.4407
157.40,0.8950,70.25,4.4339
157.50,0.9186,70.45,4.4334
157.60,0.9347,70.52,4.4548
157.70,0.9537,71.45,4.4338
157.80,0.9606,72.04,4.4291
157.90,0.9888,71.65,4.4378
158.00,0.9636,71.61,4.4508
158.10,0.9708,70.63,4.4418
158.20,0.9844,72.68,4.4179
158.30,1.0236,71.31,4.4290
158.40,0.9926,72.17,4.4288
158.50,1.0174,72.09,4.4245
158.60,0.9765,71.70,4.4440
158.70,0.9860,71.64,4.4433
158.80,1.0050,72.81,4.4389
158.90,0.9712,71.81,4.4300
159.00,0.9686,70.94,4.4410
159.10,0.9712,69.94,4.4390
159.20,0.9339,70.77,4.4201
159.30,0.9347,71.03,4.4253
159.40,0.9072,71.12,4.4253
159.50,0.9026,70.49,4.4190
159.60,0.8639,69.33,4.4231
159.70,0.8623,70.00,4.4293
159.80,0.8190,69.35,4.4196
159.90,0.7837,71.84,4.4357
160.00,0.7612,69.65,4.4126
160.10,0.7558,67.60,4.4087
160.20,0.7266,69.62,4.4047
160.30,0.6848,68.30,4.4207
160.40,0.6539,67.76,4.4183
160.50,0.6447,67.60,4.4181
160.60,0.5920,66.76,4.4132
160.70,0.5667,67.71,4.4323
160.80,0.5374,67.28,4.4304
160.90,0.5048,65.45,4.4152
161.00,0.4731,64.75,4.4134
161.10,0.4226,65.65,4.4308
161.20,0.4121,64.83,4.4164
161.30,0.3802,64.59,4.4229
161.40,0.3499,64.12,4.4219
161.50,0.3155,64.55,4.4073
161.60,0.2795,63.26,4.4218
161.70,0.2756,62.89,4.4096
161.80,0.2168,62.58,4.4169
161.90,0.2228,63.25,4.4214
162.00,0.1589,62.10,4.4104
162.10,0.1303,63.88,4.4135
162.20,0.1232,62.99,4.4161
162.30,0.0972,62.05,4.4064
162.40,0.0951,61.80,4.3995
162.50,0.0706,60.33,4.4158
162.60,0.0493,61.05,4.4037
162.70,0.0508,63.04,4.4023
162.80,0.0216,61.70,4.4136
162.90,0.0316,60.29,4.4048
163.00,0.0089,60.87,4.4113
163.10,0.0130,60.10,4.4101
163.20,-0.0092,60.33,4.4166
163.30,-0.0188,60.06,4.4195
163.40,-0.0108,59.86,4.4120
163.50,-0.0078,60.10,4.4122
163.60,0.0372,62.60,4.4042
163.70,0.0151,60.34,4.4035
163.80,0.0193,60.86,4.3986
163.90,0.0418,60.35,4.3921
164.00,0.0198,61.08,4.4139
164.10,0.0591,61.99,4.4010
164.20,0.0793,61.35,4.4079
164.30,0.0920,60.36,4.4003
164.40,0.1262,61.18,4.3878
164.50,0.1425,62.68,4.4005
164.60,0.1778,63.32,4.4146
164.70,0.1789,62.01,4.4157
164.80,0.2062,62.75,4.4070
164.90,0.2326,64.15,4.3958
165.00,0.2324,64.25,4.4085
165.10,0.2901,63.14,4.4025
165.20,0.3342,63.50,4.4222
165.30,0.3682,64.25,4.3969
165.40,0.3768,63.95,4.3955
165.50,0.3981,65.16,4.4100
165.60,0.4531,65.86,4.3989
165.70,0.4605,66.32,4.3885
165.80,0.5232,65.83,4.3867
165.90,0.5308,66.83,4.4008
166.00,0.5762,67.18,4.3901
166.10,0.6081,67.52,4.3890
166.20,0.6311,68.70,4.5925
166.30,0.6707,67.98,4.5898
166.40,0.6801,69.18,4.5839
166.50,0.7438,69.37,4.5855
166.60,0.7618,69.87,4.5943
166.70,0.7997,69.32,4.5918
166.80,0.8157,70.00,4.5645
166.90,0.8360,70.18,4.5856
167.00,0.8690,70.05,4.5892
167.10,0.8743,71.22,4.5784
167.20,0.9028,70.26,4.5807
167.30,0.9289,72.06,4.5811
167.40,0.9415,71.74,4.5676
167.50,0.9504,71.20,4.5547
167.60,0.9638,71.10,4.5611
167.70,0.9726,71.92,4.5601
167.80,0.9838,72.66,4.5623
167.90,0.9931,71.18,4.5621
168.00,0.9610,72.55,4.5535
168.10,0.9952,71.24,4.5497
168.20,1.0107,72.28,4.5485
168.30,1.0122,73.65,4.5550
168.40,0.9935,72.52,4.5563
168.50,0.9817,71.58,4.5471
168.60,0.9696,71.34,4.5472
168.70,0.9924,71.39,4.5370
168.80,0.9617,71.67,4.5369
168.90,0.9397,69.79,4.5278
169.00,0.9160,71.61,4.5495
169.10,0.9160,71.00,4.5318
169.20,0.8986,70.33,4.5226
169.30,0.8636,69.91,4.5420
169.40,0.8660,72.31,4.5264
169.50,0.8272,71.08,4.5286
169.60,0.8134,69.10,4.5342
169.70,0.7900,69.48,4.5384
169.80,0.7429,69.95,4.5146
169.90,0.7235,68.06,4.5217
170.00,0.7097,68.57,4.5270
170.10,0.6775,68.87,4.5107
170.20,0.6167,67.71,4.5280
170.30,0.6116,67.83,4.5118
170.40,0.5785,67.26,4.5064
170.50,0.5224,66.40,4.5189
170.60,0.4954,67.28,4.5089
170.70,0.4549,65.87,4.5088
170.80,0.4284,65.63,4.5012
170.90,0.4052,65.54,4.4937
171.00,0.3569,66.62,4.5047
171.10,0.3284,64.50,4.5026
171.20,0.3213,63.09,4.4979
171.30,0.2605,64.18,4.5017
171.40,0.2638,64.15,4.4946
171.50,0.2106,63.33,4.5079
171.60,0.1887,64.30,4.4976
171.70,0.1614,62.09,4.4849
171.80,0.1338,62.78,4.4931
171.90,0.1234,63.11,4.4938
172.00,0.1011,60.45,4.4809
172.10,0.0884,61.66,4.4842
172.20,0.0731,60.54,4.4921
172.30,0.0412,61.36,4.4877
172.40,0.0528,59.86,4.4819
172.50,0.0415,60.50,4.4716
172.60,0.0225,62.81,4.4750
172.70,0.0131,60.67,4.4865
172.80,0.0313,60.41,4.4854
172.90,0.0163,60.46,4.4664
173.00,0.0035,60.18,4.4799
173.10,0.0198,60.21,4.4894
173.20,0.0083,60.59,4.4714
173.30,0.0207,60.87,4.4764
173.40,0.0173,61.87,4.4649
173.50,0.0163,60.79,4.4837
173.60,0.0311,61.37,4.4840
173.70,0.0421,61.80,4.4668
173.80,0.0873,61.26,4.4749
173.90,0.0684,61.64,4.4636
174.00,0.1036,62.82,4.4627
174.10,0.1096,62.49,4.4613
174.20,0.1489,63.06,4.4628
174.30,0.1499,64.17,4.4781
174.40,0.2152,64.29,4.4650
174.50,0.2187,63.06,4.4737
174.60,0.2480,62.28,4.4663
174.70,0.2717,61.77,4.4749
174.80,0.3084,64.36,4.4676
174.90,0.3366,64.70,4.4704
175.00,0.3426,64.60,4.4509
175.10,0.3988,65.08,4.4540
175.20,0.4492,66.31,4.4332
175.30,0.4729,65.86,4.4606
175.40,0.4950,66.38,4.4578
175.50,0.5182,65.99,4.4603
175.60,0.5589,66.11,4.4504
175.70,0.5989,66.46,4.4518
175.80,0.6226,68.62,4.4406
175.90,0.6610,67.56,4.4666
176.00,0.6940,67.70,4.4422
176.10,0.7144,69.27,4.4525
176.20,0.7412,69.61,4.4572
176.30,0.7619,68.60,4.4462
176.40,0.8196,70.15,4.4425
176.50,0.8356,69.47,4.4441
176.60,0.8529,69.19,4.4392
176.70,0.8599,70.46,4.4474
176.80,0.9135,70.90,4.4294
176.90,0.8981,71.25,4.4524
177.00,0.9310,70.69,4.4543
177.10,0.9389,70.67,4.4334
177.20,0.9605,72.17,4.4465
177.30,0.9679,71.17,4.4346
177.40,0.9759,71.23,4.4361
177.50,0.9785,71.24,4.4387
177.60,0.9927,71.76,4.4274
177.70,1.0052,71.31,4.4430
177.80,0.9864,70.89,4.4268
177.90,0.9917,70.47,4.4341
178.00,1.0046,71.19,4.4237
178.10,0.9832,72.89,4.4419
178.20,0.9807,71.26,4.4325
178.30,0.9735,73.15,4.4328
178.40,0.9519,70.76,4.4326
178.50,0.9561,71.56,4.4288
178.60,0.9241,71.14,4.4491
178.70,0.8991,70.48,4.4373
178.80,0.8878,70.24,4.4347
178.90,0.8900,71.00,4.4263
179.00,0.8611,70.24,4.4330
179.10,0.8315,70.19,4.4267
179.20,0.8194,71.15,4.4258
179.30,0.8048,70.06,4.4195
179.40,0.7564,68.46,4.4298
179.50,0.7483,68.63,4.4210
179.60,0.6906,69.23,4.4423
179.70,0.6532,68.28,4.4229
179.80,0.6326,66.94,4.4232
179.90,0.6090,67.91,4.4169
